train,test
-368.05946394453827,-368.05946394453827
-329.3359204627953,-329.3359204627953
-306.1528901326197,-306.1528901326197
-373.9845380350627,-373.9845380350627
-349.86923146874665,-349.86923146874665
-407.7775650764129,-407.7775650764129
-359.53355290446495,-359.53355290446495
-364.44719743456966,-364.44719743456966
-325.9024712758565,-325.9024712758565
-403.1686703801049,-403.1686703801049
-417.54482657693467,-417.54482657693467
-350.33941101904696,-350.33941101904696
-335.50133161951544,-335.50133161951544
-327.48146943694655,-327.48146943694655
-340.12238778249935,-340.12238778249935
-326.4913562022922,-326.4913562022922
-341.2703549004403,-341.2703549004403
-360.824388160576,-360.824388160576
-372.1322664020022,-372.1322664020022
-327.26451422658033,-327.26451422658033
-333.774206406839,-333.774206406839
-344.72913798459086,-344.72913798459086
-417.6689515448905,-417.6689515448905
-317.90930807062784,-317.90930807062784
-329.35742153390277,-329.35742153390277
-355.8957816981546,-355.8957816981546
-382.6822844854254,-382.6822844854254
-347.3747065341811,-347.3747065341811
-343.08042618622176,-343.08042618622176
-395.8936886736852,-395.8936886736852
-343.86737139168713,-343.86737139168713
-347.4011951232107,-347.4011951232107
-403.13330014492885,-403.13330014492885
-343.16530378664925,-343.16530378664925
-401.23578844796515,-401.23578844796515
-392.7079633919389,-392.7079633919389
-330.03347327731507,-330.03347327731507
-336.12101742622036,-336.12101742622036
-346.82558932889617,-346.82558932889617
-361.55027058341284,-361.55027058341284
-372.54393835988964,-372.54393835988964
-348.9497186766225,-348.9497186766225
-305.23663409837485,-305.23663409837485
-337.16925021461464,-337.16925021461464
-341.2873225387592,-341.2873225387592
-350.3118055619606,-350.3118055619606
-320.4393105319589,-320.4393105319589
-400.0986439670039,-400.0986439670039
-341.0928335742902,-341.0928335742902
-331.04461832966314,-331.04461832966314
-379.6679812715557,-379.6679812715557
-314.19334105890846,-314.19334105890846
-325.5591934625344,-325.5591934625344
-337.10145137210276,-337.10145137210276
-325.324537418293,-325.324537418293
-364.989566183657,-364.989566183657
-342.5028089411403,-342.5028089411403
-370.7839539935127,-370.7839539935127
-377.5105824780037,-377.5105824780037
-359.4332187496307,-359.4332187496307
-341.77592032729854,-341.77592032729854
-354.95337326170613,-354.95337326170613
-391.99348855618945,-391.99348855618945
-380.1404257322128,-380.1404257322128
-304.9108916473683,-304.9108916473683
-384.4078660161211,-384.4078660161211
-346.27033756180094,-346.27033756180094
-353.175539278999,-353.175539278999
-392.18313567378647,-392.18313567378647
-349.30193339512215,-349.30193339512215
-403.2888193993564,-403.2888193993564
-318.15219738459956,-318.15219738459956
-325.33301875277385,-325.33301875277385
-348.3746991288042,-348.3746991288042
-359.0072041826889,-359.0072041826889
-374.3928981289942,-374.3928981289942
-334.5715803892643,-334.5715803892643
-343.0046458293504,-343.0046458293504
-322.47809016044204,-322.47809016044204
-399.52321403403863,-399.52321403403863
-356.5998404608175,-356.5998404608175
-334.53210651996966,-334.53210651996966
-330.66398187063595,-330.66398187063595
-385.897292342518,-385.897292342518
-347.7855352254138,-347.7855352254138
-353.9924272237433,-353.9924272237433
-330.01711408566734,-330.01711408566734
-352.28069035917065,-352.28069035917065
-358.13952319709676,-358.13952319709676
-358.70242259888806,-358.70242259888806
-376.45290891207424,-376.45290891207424
-314.2871072047323,-314.2871072047323
-368.56544582091266,-368.56544582091266
-352.71133486045676,-352.71133486045676
-384.66821372762166,-384.66821372762166
-347.3783861043393,-347.3783861043393
-338.5362549421692,-338.5362549421692
-328.7232068750506,-328.7232068750506
-368.1342706780245,-368.1342706780245
-318.15178783610014,-318.15178783610014
-322.97378273335596,-322.97378273335596
-359.52831471754035,-359.52831471754035
-291.9423306458067,-291.9423306458067
-340.31737148332974,-340.31737148332974
-388.55919550607024,-388.55919550607024
-361.39521310887403,-361.39521310887403
-307.1997864530468,-307.1997864530468
-361.14703871267363,-361.14703871267363
-351.9983125446489,-351.9983125446489
-365.2446699772585,-365.2446699772585
-346.9726567386845,-346.9726567386845
-308.7171899138004,-308.7171899138004
-304.6022368259614,-304.6022368259614
-329.4262912076948,-329.4262912076948
-300.9304449600956,-300.9304449600956
-352.8904184286838,-352.8904184286838
-359.9670570684066,-359.9670570684066
-351.1466925014752,-351.1466925014752
-424.88888374950443,-424.88888374950443
-377.24867335481184,-377.24867335481184
-351.31415697992463,-351.31415697992463
-337.8493292908785,-337.8493292908785
-381.4430255795025,-381.4430255795025
-337.9493676060073,-337.9493676060073
-329.83357204781163,-329.83357204781163
-313.1785518174263,-313.1785518174263
-350.3318957092015,-350.3318957092015
-348.76368338280383,-348.76368338280383
-330.9260693647975,-330.9260693647975
-406.0830973252283,-406.0830973252283
-353.5908048145622,-353.5908048145622
-359.33979726878323,-359.33979726878323
-374.243487053931,-374.243487053931
-308.408329490266,-308.408329490266
-334.4300733132568,-334.4300733132568
-367.71628912205415,-367.71628912205415
-343.14294213694706,-343.14294213694706
-343.33327378591383,-343.33327378591383
-366.57937820029474,-366.57937820029474
-396.1251953062879,-396.1251953062879
-351.30670801066935,-351.30670801066935
-378.2423636239336,-378.2423636239336
-354.7975084829206,-354.7975084829206
-371.66854324770026,-371.66854324770026
-384.534187155774,-384.534187155774
-330.040195541547,-330.040195541547
-356.0076281113319,-356.0076281113319
-329.2227967130409,-329.2227967130409
-340.0355597084307,-340.0355597084307
-351.20740603173164,-351.20740603173164
-334.90364261296736,-334.90364261296736
-389.63914944935726,-389.63914944935726
-345.4390420395352,-345.4390420395352
-361.8831056307869,-361.8831056307869
-396.3874068025025,-396.3874068025025
-355.0334257434914,-355.0334257434914
-427.59774766636986,-427.59774766636986
-368.2248037985507,-368.2248037985507
-331.0017684329432,-331.0017684329432
-316.35230744751465,-316.35230744751465
-326.51261629757346,-326.51261629757346
-318.73891031692267,-318.73891031692267
-327.65948925708744,-327.65948925708744
-350.62855379597664,-350.62855379597664
-358.39635103838333,-358.39635103838333
-352.4485538498363,-352.4485538498363
-376.9754512833518,-376.9754512833518
-326.55317242862105,-326.55317242862105
-351.4091137300076,-351.4091137300076
-339.13995022450564,-339.13995022450564
-330.2023326784016,-330.2023326784016
-385.4934678148845,-385.4934678148845
-326.0770800559913,-326.0770800559913
-333.43710855286247,-333.43710855286247
-394.2960758387729,-394.2960758387729
-356.8657543122913,-356.8657543122913
-332.65156466694066,-332.65156466694066
-365.2525460953071,-365.2525460953071
-342.36639373130356,-342.36639373130356
-365.8569187668236,-365.8569187668236
-302.5542716222102,-302.5542716222102
-397.37860956862124,-397.37860956862124
-396.359185919116,-396.359185919116
-361.2072423948833,-361.2072423948833
-371.4279693363894,-371.4279693363894
-362.3717113302241,-362.3717113302241
-388.88141557056076,-388.88141557056076
-343.87479989341386,-343.87479989341386
-357.1920040965261,-357.1920040965261
-386.12823812587686,-386.12823812587686
-307.36398303975363,-307.36398303975363
-416.4218252201273,-416.4218252201273
-341.44959332854256,-341.44959332854256
-349.3593375229248,-349.3593375229248
-333.3327353501446,-333.3327353501446
-340.7405732306642,-340.7405732306642
-369.447914686556,-369.447914686556
-371.79540053360034,-371.79540053360034
-349.85119193271333,-349.85119193271333
-371.1748540530282,-371.1748540530282
-278.85478098245557,-278.85478098245557
-356.0109140381831,-356.0109140381831
-311.7145744675516,-311.7145744675516
-331.42306139794084,-331.42306139794084
-342.7553701108615,-342.7553701108615
-368.4447289931371,-368.4447289931371
-367.9106063774915,-367.9106063774915
-379.52842936121783,-379.52842936121783
-352.6749398464552,-352.6749398464552
-306.2215654768587,-306.2215654768587
-348.48031620939696,-348.48031620939696
-348.91099228311265,-348.91099228311265
-371.21544465291305,-371.21544465291305
-332.1442598663541,-332.1442598663541
-322.3971671912291,-322.3971671912291
-367.0363513506375,-367.0363513506375
-349.43031829213203,-349.43031829213203
-311.91583988744543,-311.91583988744543
-371.1235046234274,-371.1235046234274
-369.9019905448627,-369.9019905448627
-354.4275468428625,-354.4275468428625
-357.63902010973516,-357.63902010973516
-322.0695589375319,-322.0695589375319
-353.96383327900907,-353.96383327900907
-394.0680778260432,-394.0680778260432
-356.04338190355156,-356.04338190355156
-396.46200617942446,-396.46200617942446
-356.36570776414084,-356.36570776414084
-357.3842572909456,-357.3842572909456
-329.7898025505069,-329.7898025505069
-387.07083451477763,-387.07083451477763
-363.9230328878878,-363.9230328878878
-358.2113100538666,-358.2113100538666
-326.16220345322364,-326.16220345322364
-422.92972707188005,-422.92972707188005
-350.46861177018195,-350.46861177018195
-332.03325981049124,-332.03325981049124
-404.2593965022761,-404.2593965022761
-345.0275913806098,-345.0275913806098
-388.5337530232746,-388.5337530232746
-402.25624906483364,-402.25624906483364
-387.3149456085071,-387.3149456085071
-339.23671634969656,-339.23671634969656
-386.87325515900915,-386.87325515900915
-363.3683116634814,-363.3683116634814
-379.32007135065396,-379.32007135065396
-368.86254057836715,-368.86254057836715
-351.79292634171753,-351.79292634171753
-376.4151041743977,-376.4151041743977
-329.3423464795375,-329.3423464795375
-376.0297182797273,-376.0297182797273
-366.25320470838324,-366.25320470838324
-325.0502042992374,-325.0502042992374
-384.22293607659657,-384.22293607659657
-339.5894710066456,-339.5894710066456
-331.2867456740472,-331.2867456740472
-325.70862943895725,-325.70862943895725
-352.3594981303979,-352.3594981303979
-343.920973272999,-343.920973272999
-369.7150733497495,-369.7150733497495
-371.21607246156975,-371.21607246156975
-357.8423805029965,-357.8423805029965
-352.53910218701526,-352.53910218701526
-346.08371680849945,-346.08371680849945
-352.8391242117915,-352.8391242117915
-366.9657450850447,-366.9657450850447
-321.57861490288667,-321.57861490288667
-343.30696110222857,-343.30696110222857
-409.9437096477206,-409.9437096477206
-306.75193103492086,-306.75193103492086
-380.3225103808276,-380.3225103808276
-355.9790942523002,-355.9790942523002
-366.2309574564343,-366.2309574564343
-409.0582583230168,-409.0582583230168
-375.8945295345748,-375.8945295345748
-329.0020165781876,-329.0020165781876
-317.9627338151126,-317.9627338151126
-335.0119692197738,-335.0119692197738
-346.1556503534282,-346.1556503534282
-363.9071834570999,-363.9071834570999
-334.5369780881099,-334.5369780881099
-349.86018074934884,-349.86018074934884
-334.50121361130005,-334.50121361130005
-342.5279103749158,-342.5279103749158
-406.46938323224936,-406.46938323224936
-372.77372363085874,-372.77372363085874
-369.7922018018119,-369.7922018018119
-348.6303539606364,-348.6303539606364
-337.48777072918136,-337.48777072918136
-400.9700737797074,-400.9700737797074
-351.63408959111393,-351.63408959111393
-320.3329106582926,-320.3329106582926
-367.1195292697274,-367.1195292697274
-383.3018494832621,-383.3018494832621
-338.0164200764767,-338.0164200764767
-351.36677234980885,-351.36677234980885
-357.9566125024946,-357.9566125024946
-370.75553079588565,-370.75553079588565
-313.8373384076215,-313.8373384076215
-373.89826366327765,-373.89826366327765
-363.6301645565499,-363.6301645565499
-373.25023527047443,-373.25023527047443
-374.8003169927179,-374.8003169927179
-345.97367776183955,-345.97367776183955
-395.51900207983465,-395.51900207983465
-318.86513564071106,-318.86513564071106
-356.095668757,-356.095668757
-356.4100256696398,-356.4100256696398
-359.5039260416417,-359.5039260416417
-320.0434940265318,-320.0434940265318
-364.0171604521871,-364.0171604521871
-355.24717454756075,-355.24717454756075
-313.6725069081348,-313.6725069081348
-383.88997892147347,-383.88997892147347
-367.5043901412533,-367.5043901412533
-330.06254001810123,-330.06254001810123
-308.1410267723526,-308.1410267723526
-346.87566816993115,-346.87566816993115
-376.0584985144238,-376.0584985144238
-380.51484012476226,-380.51484012476226
-362.5005643833823,-362.5005643833823
-340.75705088405726,-340.75705088405726
-368.53832016935695,-368.53832016935695
-337.8071293450385,-337.8071293450385
-375.0326529572439,-375.0326529572439
-326.3508166278907,-326.3508166278907
-376.13636402305616,-376.13636402305616
-367.7987639176575,-367.7987639176575
-324.79160188997747,-324.79160188997747
-338.26632777236415,-338.26632777236415
-347.65845106690165,-347.65845106690165
-320.83928209273995,-320.83928209273995
-399.21848643158336,-399.21848643158336
-357.68527504593146,-357.68527504593146
-370.82141487476065,-370.82141487476065
-393.82485986637306,-393.82485986637306
-335.9243425505503,-335.9243425505503
-358.8948269958099,-358.8948269958099
-353.80087872075114,-353.80087872075114
-380.71676447960067,-380.71676447960067
-361.8378894944235,-361.8378894944235
-317.1806414510755,-317.1806414510755
-343.41951355048144,-343.41951355048144
-371.3010283462903,-371.3010283462903
-384.72247655393375,-384.72247655393375
-329.6759879848777,-329.6759879848777
-352.68968727873425,-352.68968727873425
-368.76711769951373,-368.76711769951373
-368.7347837289116,-368.7347837289116
-386.04998982701983,-386.04998982701983
-395.9162348991683,-395.9162348991683
-363.7479364741395,-363.7479364741395
-316.6928770927717,-316.6928770927717
-354.3481520354002,-354.3481520354002
-364.0414437571691,-364.0414437571691
-363.72286951638864,-363.72286951638864
-365.2036633054215,-365.2036633054215
-379.55729229844184,-379.55729229844184
-350.4049669576026,-350.4049669576026
-368.61451635167714,-368.61451635167714
-347.6314107295386,-347.6314107295386
-349.70572582290845,-349.70572582290845
-356.21208970435544,-356.21208970435544
-403.6384250312224,-403.6384250312224
-339.2819448425932,-339.2819448425932
-315.43691898407974,-315.43691898407974
-332.3744314528819,-332.3744314528819
-383.28808010455634,-383.28808010455634
-363.7966006851142,-363.7966006851142
-342.4544511542122,-342.4544511542122
-290.1486440705861,-290.1486440705861
-345.03619670141507,-345.03619670141507
-335.4083556497771,-335.4083556497771
-317.19385759472897,-317.19385759472897
-363.4891262718197,-363.4891262718197
-382.0551216562364,-382.0551216562364
-332.09540241207253,-332.09540241207253
-372.4208215841191,-372.4208215841191
-353.9091370058519,-353.9091370058519
-373.095888227648,-373.095888227648
-339.9245761574073,-339.9245761574073
-343.14058820745225,-343.14058820745225
-366.8459732181175,-366.8459732181175
-301.99274266538083,-301.99274266538083
-370.34227749889794,-370.34227749889794
-318.82083757581984,-318.82083757581984
-367.64216881431213,-367.64216881431213
-358.2894827783965,-358.2894827783965
-344.65222391049537,-344.65222391049537
-333.9398609735172,-333.9398609735172
-373.2024161291554,-373.2024161291554
-331.8117432320562,-331.8117432320562
-324.48998474422314,-324.48998474422314
-367.16160234142586,-367.16160234142586
-271.8061153712085,-271.8061153712085
-410.64696523301023,-410.64696523301023
-343.4806512007292,-343.4806512007292
-363.48604819885793,-363.48604819885793
-362.6144939878473,-362.6144939878473
-406.7874515170432,-406.7874515170432
-370.62271570682174,-370.62271570682174
-410.66175280500124,-410.66175280500124
-313.7614684821993,-313.7614684821993
-376.42832121086985,-376.42832121086985
-400.2070760275341,-400.2070760275341
-347.7656258299761,-347.7656258299761
-335.71546885853735,-335.71546885853735
-333.87121897278934,-333.87121897278934
-350.04134270805883,-350.04134270805883
-375.18272552771043,-375.18272552771043
-372.75303921728437,-372.75303921728437
-341.77479202533925,-341.77479202533925
-388.69070782476587,-388.69070782476587
-368.6565920790074,-368.6565920790074
-396.41673242380523,-396.41673242380523
-371.9502444899663,-371.9502444899663
-380.82578343283456,-380.82578343283456
-360.0986280178868,-360.0986280178868
-349.18176766531116,-349.18176766531116
-357.75743678381815,-357.75743678381815
-339.7443105572746,-339.7443105572746
-260.20821659981164,-260.20821659981164
-366.749329181845,-366.749329181845
-314.704868359765,-314.704868359765
-351.36697033956875,-351.36697033956875
-349.08185433293846,-349.08185433293846
-390.8074628593081,-390.8074628593081
-347.00769368726856,-347.00769368726856
-336.75186591683735,-336.75186591683735
-356.64740520087804,-356.64740520087804
-301.6975247256321,-301.6975247256321
-425.16191431494127,-425.16191431494127
-370.2238963318507,-370.2238963318507
-315.02544953973137,-315.02544953973137
-359.51426542289175,-359.51426542289175
-363.7300614182305,-363.7300614182305
-300.2231531652772,-300.2231531652772
-331.7556361043138,-331.7556361043138
-379.72426477106455,-379.72426477106455
-363.08233400711987,-363.08233400711987
-336.4561666141566,-336.4561666141566
-326.2336841556417,-326.2336841556417
-331.0021382013236,-331.0021382013236
-370.6961651942133,-370.6961651942133
-375.8891746530203,-375.8891746530203
-354.60789918588125,-354.60789918588125
-408.2872735977228,-408.2872735977228
-339.77911895108605,-339.77911895108605
-394.90400153767763,-394.90400153767763
-299.19150409,-299.19150409
-350.8382377869586,-350.8382377869586
-345.75906772515407,-345.75906772515407
-330.4664016905132,-330.4664016905132
-294.7413287960764,-294.7413287960764
-365.1174079093186,-365.1174079093186
-374.3711852648502,-374.3711852648502
-326.9437193961693,-326.9437193961693
-344.0997783554149,-344.0997783554149
-359.55011985608724,-359.55011985608724
-330.74750777081033,-330.74750777081033
-390.76093606498205,-390.76093606498205
-389.1187178983716,-389.1187178983716
-369.78231576654633,-369.78231576654633
-335.2781104272947,-335.2781104272947
-411.18913089701965,-411.18913089701965
-321.34223124936966,-321.34223124936966
-352.47351633829595,-352.47351633829595
-366.1225722785398,-366.1225722785398
-383.99900823159146,-383.99900823159146
-366.77022963436207,-366.77022963436207
-386.2245448287938,-386.2245448287938
-382.8887524825359,-382.8887524825359
-363.96456433767185,-363.96456433767185
-343.190083189087,-343.190083189087
-359.46018025844705,-359.46018025844705
-325.31055808485195,-325.31055808485195
-348.6205413228975,-348.6205413228975
-350.15281384105145,-350.15281384105145
-339.9416840939348,-339.9416840939348
-357.803031427458,-357.803031427458
-370.66304588409974,-370.66304588409974
-387.7772130645609,-387.7772130645609
-392.9269403441602,-392.9269403441602
-312.4867274637588,-312.4867274637588
-352.638674240598,-352.638674240598
-359.4016124132848,-359.4016124132848
-313.54148911661423,-313.54148911661423
-311.8887342630135,-311.8887342630135
-365.10025646463816,-365.10025646463816
-304.99274034027803,-304.99274034027803
-309.2717353202722,-309.2717353202722
-359.17314077621603,-359.17314077621603
-314.357169837016,-314.357169837016
-371.51482109415934,-371.51482109415934
-311.29379901120427,-311.29379901120427
-355.55724936161283,-355.55724936161283
-371.26906506050415,-371.26906506050415
-318.8137954742537,-318.8137954742537
-328.0112592585247,-328.0112592585247
-287.3795175068704,-287.3795175068704
-357.7870526941828,-357.7870526941828
-375.40487535547607,-375.40487535547607
-348.21220228687935,-348.21220228687935
-351.85764409141456,-351.85764409141456
-395.2842281731684,-395.2842281731684
-350.22327659302545,-350.22327659302545
-423.98229775248524,-423.98229775248524
-351.1397487329462,-351.1397487329462
-350.67507560427435,-350.67507560427435
-339.63868581459303,-339.63868581459303
-356.5010198440572,-356.5010198440572
-331.19241728324243,-331.19241728324243
-349.77598828159347,-349.77598828159347
-347.4370090740632,-347.4370090740632
-354.968100648166,-354.968100648166
-343.4101601879758,-343.4101601879758
-408.22101538586406,-408.22101538586406
-325.37446322170194,-325.37446322170194
-306.264142254312,-306.264142254312
-394.9370075698475,-394.9370075698475
-365.77579972117144,-365.77579972117144
-330.5798521422134,-330.5798521422134
-350.3786617843559,-350.3786617843559
-319.971530388979,-319.971530388979
-359.1757285854528,-359.1757285854528
-379.447457753577,-379.447457753577
-352.73915755670816,-352.73915755670816
-366.0719037793398,-366.0719037793398
-362.06305463588484,-362.06305463588484
-362.81371566685965,-362.81371566685965
-369.82718186631575,-369.82718186631575
-419.38322181044435,-419.38322181044435
-385.00067712799995,-385.00067712799995
-344.00478180701555,-344.00478180701555
-360.39721905365553,-360.39721905365553
-362.1082326830447,-362.1082326830447
-350.218790539233,-350.218790539233
-328.99772064788436,-328.99772064788436
-340.40472009928675,-340.40472009928675
-366.094768589828,-366.094768589828
-359.54211348544464,-359.54211348544464
-379.8572251704682,-379.8572251704682
-323.0045688457916,-323.0045688457916
-341.62260448939423,-341.62260448939423
-406.9564287082366,-406.9564287082366
-375.0694858608458,-375.0694858608458
-369.454644915402,-369.454644915402
-361.65843506292975,-361.65843506292975
-324.00961598249125,-324.00961598249125
-336.82409956987493,-336.82409956987493
-331.08299573737514,-331.08299573737514
-345.5961064846136,-345.5961064846136
-379.55943707579485,-379.55943707579485
-331.17609620553566,-331.17609620553566
-324.59231930525345,-324.59231930525345
-363.3704366455389,-363.3704366455389
-364.5319070444612,-364.5319070444612
-393.19876473071514,-393.19876473071514
-317.8574327596515,-317.8574327596515
-393.4009310384196,-393.4009310384196
-356.7035557495482,-356.7035557495482
-364.0376256418314,-364.0376256418314
-374.54284838829545,-374.54284838829545
-326.3383213722246,-326.3383213722246
-350.1254174794105,-350.1254174794105
-331.7089864264261,-331.7089864264261
-328.82880875710987,-328.82880875710987
-300.9443729218521,-300.9443729218521
-297.26140079572593,-297.26140079572593
-308.1765563131,-308.1765563131
-393.0343465576723,-393.0343465576723
-346.2712098401673,-346.2712098401673
-327.2996300135785,-327.2996300135785
-338.64406554524305,-338.64406554524305
-368.2140217577844,-368.2140217577844
-376.51330883278473,-376.51330883278473
-382.0842036520658,-382.0842036520658
-346.97361058703456,-346.97361058703456
-350.23697660891975,-350.23697660891975
-383.18939354845804,-383.18939354845804
-375.59305637745524,-375.59305637745524
-336.71758231261884,-336.71758231261884
-354.08212227763414,-354.08212227763414
-331.72501533030925,-331.72501533030925
-355.61446935807464,-355.61446935807464
-392.35710990870535,-392.35710990870535
-336.32486644754493,-336.32486644754493
-347.72880141321224,-347.72880141321224
-390.48843021559384,-390.48843021559384
-365.05275259601814,-365.05275259601814
-359.30316241413806,-359.30316241413806
-366.07209632528486,-366.07209632528486
-348.459697852186,-348.459697852186
-293.8155385421159,-293.8155385421159
-351.75339102576373,-351.75339102576373
-347.0823026322304,-347.0823026322304
-368.3677214465816,-368.3677214465816
-367.08447352986593,-367.08447352986593
-370.66902201890764,-370.66902201890764
-433.6752011781617,-433.6752011781617
-345.31159758673016,-345.31159758673016
-321.70275326255273,-321.70275326255273
-406.6434541921822,-406.6434541921822
-349.21442185059357,-349.21442185059357
-329.9486214590374,-329.9486214590374
-333.98038060526056,-333.98038060526056
-367.8617346109291,-367.8617346109291
-349.57450252683793,-349.57450252683793
-370.01313156583853,-370.01313156583853
-370.45641805309947,-370.45641805309947
-317.8896991619536,-317.8896991619536
-383.2919799507353,-383.2919799507353
-331.8781664338674,-331.8781664338674
-348.5702947029213,-348.5702947029213
-336.9169242163053,-336.9169242163053
-349.560827261488,-349.560827261488
-378.03365088509,-378.03365088509
-362.7674144747873,-362.7674144747873
-323.4017406366646,-323.4017406366646
-350.44257616665845,-350.44257616665845
-315.60202599400105,-315.60202599400105
-387.0883308549781,-387.0883308549781
-344.5126134532682,-344.5126134532682
-351.71577970107046,-351.71577970107046
-354.910679957028,-354.910679957028
-344.96277579626116,-344.96277579626116
-345.425869833232,-345.425869833232
-326.68945937135476,-326.68945937135476
-372.48704685244667,-372.48704685244667
-378.4673830915402,-378.4673830915402
-349.50146225685484,-349.50146225685484
-362.11568425984575,-362.11568425984575
-359.579522636286,-359.579522636286
-342.88664638681877,-342.88664638681877
-382.5641790132697,-382.5641790132697
-384.82037516106675,-384.82037516106675
-357.1125201912406,-357.1125201912406
-368.9562426083933,-368.9562426083933
-342.1955682698874,-342.1955682698874
-399.7326326657801,-399.7326326657801
-365.0693748890771,-365.0693748890771
-359.87317284658684,-359.87317284658684
-335.1604705843846,-335.1604705843846
-293.86555432938854,-293.86555432938854
-359.1187766666873,-359.1187766666873
-342.2591900462503,-342.2591900462503
-332.03761279706873,-332.03761279706873
-373.4996859806159,-373.4996859806159
-342.1059186986281,-342.1059186986281
-349.7801045434031,-349.7801045434031
-315.2704095036912,-315.2704095036912
-348.4729655461078,-348.4729655461078
-360.91801740460716,-360.91801740460716
-388.367429032668,-388.367429032668
-412.227612520105,-412.227612520105
-342.09591430842426,-342.09591430842426
-399.604809171181,-399.604809171181
-354.14773507917903,-354.14773507917903
-380.567262797666,-380.567262797666
-375.1730308835051,-375.1730308835051
-364.44489321179515,-364.44489321179515
-365.7626491287086,-365.7626491287086
-380.8032897984126,-380.8032897984126
-377.45844225842484,-377.45844225842484
-324.1605787787477,-324.1605787787477
-369.3350074889455,-369.3350074889455
-382.6102950479602,-382.6102950479602
-387.3989500689294,-387.3989500689294
-365.43261736593564,-365.43261736593564
-348.1548231453553,-348.1548231453553
-334.96616146718424,-334.96616146718424
-367.8968113646146,-367.8968113646146
-334.5636391672904,-334.5636391672904
-383.01523766819037,-383.01523766819037
-398.03617130095256,-398.03617130095256
-326.82945074283236,-326.82945074283236
-358.57541791076306,-358.57541791076306
-414.358441928994,-414.358441928994
-390.049351591597,-390.049351591597
-394.30641290182587,-394.30641290182587
-333.50055092688007,-333.50055092688007
-432.4254211291892,-432.4254211291892
-389.9379990065682,-389.9379990065682
-376.211268061738,-376.211268061738
-372.8384165760665,-372.8384165760665
-317.47089459826327,-317.47089459826327
-310.71697397884424,-310.71697397884424
-376.8002745982176,-376.8002745982176
-373.77295315090663,-373.77295315090663
-390.9266787167507,-390.9266787167507
-408.3458065242223,-408.3458065242223
-398.0850894789004,-398.0850894789004
-339.67890254469165,-339.67890254469165
-356.64118277574227,-356.64118277574227
-308.29975410096154,-308.29975410096154
-365.03499086037124,-365.03499086037124
-317.7586670129403,-317.7586670129403
-336.5991526689252,-336.5991526689252
-347.98998009538894,-347.98998009538894
-293.488657413024,-293.488657413024
-342.02781636323516,-342.02781636323516
-328.4312132047308,-328.4312132047308
-363.4666914277294,-363.4666914277294
-351.6243825978923,-351.6243825978923
-366.92099050720014,-366.92099050720014
-346.7339905245013,-346.7339905245013
-357.65651517837733,-357.65651517837733
-371.91641994693026,-371.91641994693026
-345.8971549555774,-345.8971549555774
-341.8870061353342,-341.8870061353342
-367.83341928928394,-367.83341928928394
-375.470962123427,-375.470962123427
-353.02266757135664,-353.02266757135664
-320.67716108811953,-320.67716108811953
-353.7172919484267,-353.7172919484267
-326.2142462466339,-326.2142462466339
-348.1397049795502,-348.1397049795502
-348.7544020431191,-348.7544020431191
-359.6465003284828,-359.6465003284828
-357.289401639894,-357.289401639894
-331.46913870072655,-331.46913870072655
-382.9030135619231,-382.9030135619231
-359.7709348208444,-359.7709348208444
-321.7802843006595,-321.7802843006595
-363.23309857395213,-363.23309857395213
-380.17968990908713,-380.17968990908713
-354.49867058915015,-354.49867058915015
-396.3158024365691,-396.3158024365691
-359.42224481150237,-359.42224481150237
-363.87863295212634,-363.87863295212634
-339.84129307246104,-339.84129307246104
-351.89392032987115,-351.89392032987115
-278.2023451670383,-278.2023451670383
-302.5122638051335,-302.5122638051335
-349.89297454056435,-349.89297454056435
-323.402254163279,-323.402254163279
-345.2275015520796,-345.2275015520796
-336.30984169966786,-336.30984169966786
-381.58481433752223,-381.58481433752223
-358.12759234786864,-358.12759234786864
-343.7864187816752,-343.7864187816752
-283.2829100079185,-283.2829100079185
-356.3608849478877,-356.3608849478877
-324.65732830569436,-324.65732830569436
-307.98020435261634,-307.98020435261634
-352.0955330908322,-352.0955330908322
-368.5558035246206,-368.5558035246206
-402.25100731754,-402.25100731754
-347.31893915752835,-347.31893915752835
-376.1932661724476,-376.1932661724476
-357.9368123931945,-357.9368123931945
-367.9679766314963,-367.9679766314963
-372.40987056370824,-372.40987056370824
-331.9028475837505,-331.9028475837505
-331.34800573699795,-331.34800573699795
-356.23194941189325,-356.23194941189325
-355.38914292910374,-355.38914292910374
-305.73465184251677,-305.73465184251677
-407.53193498547586,-407.53193498547586
-335.8074463635361,-335.8074463635361
-348.67781563089454,-348.67781563089454
-313.58381395168794,-313.58381395168794
-376.3526457028254,-376.3526457028254
-322.48225998052555,-322.48225998052555
-322.6492512483975,-322.6492512483975
-350.70462710913364,-350.70462710913364
-349.0323952000153,-349.0323952000153
-362.9250618668212,-362.9250618668212
-339.94919467263685,-339.94919467263685
-324.56351688715637,-324.56351688715637
-324.824685392614,-324.824685392614
-399.5203668362318,-399.5203668362318
-369.79699654759685,-369.79699654759685
-353.3984914671302,-353.3984914671302
-372.4369968559501,-372.4369968559501
-359.1265402598536,-359.1265402598536
-344.8547758768594,-344.8547758768594
-350.52809612317975,-350.52809612317975
-445.50670358298106,-445.50670358298106
-376.58198147162165,-376.58198147162165
-404.9372634869003,-404.9372634869003
-370.87448039792287,-370.87448039792287
-368.5210568202078,-368.5210568202078
-373.02469140256613,-373.02469140256613
-287.26915588645477,-287.26915588645477
-343.76635937577294,-343.76635937577294
-421.3484303887754,-421.3484303887754
-337.9072757797011,-337.9072757797011
-338.4473183287578,-338.4473183287578
-392.80971627220214,-392.80971627220214
-352.4315115573049,-352.4315115573049
-336.9090314206762,-336.9090314206762
-323.2204902714162,-323.2204902714162
-400.85918323940643,-400.85918323940643
-367.2358760253882,-367.2358760253882
-396.0604815342287,-396.0604815342287
-308.57065948803734,-308.57065948803734
-362.0327339228497,-362.0327339228497
-351.0232189078854,-351.0232189078854
-311.367593396367,-311.367593396367
-325.3094982537885,-325.3094982537885
-409.4683701625257,-409.4683701625257
-337.74181527268894,-337.74181527268894
-361.00246041968734,-361.00246041968734
-350.3780164098386,-350.3780164098386
-361.1918242838757,-361.1918242838757
-382.227684947023,-382.227684947023
-350.0498152089595,-350.0498152089595
-399.46230026261765,-399.46230026261765
-325.70272554025524,-325.70272554025524
-362.3354170702687,-362.3354170702687
-375.07976815328817,-375.07976815328817
-386.6547105540987,-386.6547105540987
-327.6396692543711,-327.6396692543711
-372.1533575383046,-372.1533575383046
-347.5195754091292,-347.5195754091292
-335.35517654150965,-335.35517654150965
-322.8241482532177,-322.8241482532177
-331.80270212637436,-331.80270212637436
-333.0492146610278,-333.0492146610278
-376.56313182504476,-376.56313182504476
-357.342701536056,-357.342701536056
-368.70373120511215,-368.70373120511215
-308.97782539304256,-308.97782539304256
-368.76205949224146,-368.76205949224146
-403.43632624300284,-403.43632624300284
-404.2082175881343,-404.2082175881343
-423.20396750843076,-423.20396750843076
-312.74623722892704,-312.74623722892704
-316.251347627889,-316.251347627889
-392.8350117414196,-392.8350117414196
-375.49798858116105,-375.49798858116105
-373.36686438297886,-373.36686438297886
-376.4122792241819,-376.4122792241819
-411.1583625279929,-411.1583625279929
-343.9176973366464,-343.9176973366464
-359.3302798984031,-359.3302798984031
-362.3546074700549,-362.3546074700549
-325.0025536191321,-325.0025536191321
-384.5455054439476,-384.5455054439476
-324.6851448306672,-324.6851448306672
-307.41480997427846,-307.41480997427846
-356.4871074094168,-356.4871074094168
-359.5147340246812,-359.5147340246812
-336.96460820423306,-336.96460820423306
-335.9333069403784,-335.9333069403784
-387.29004809521666,-387.29004809521666
-406.3158066439132,-406.3158066439132
-353.77411449525573,-353.77411449525573
-364.5137961412098,-364.5137961412098
-361.84655813269575,-361.84655813269575
-359.76182391544563,-359.76182391544563
-339.9316675415669,-339.9316675415669
-376.354265751078,-376.354265751078
-350.24080463713835,-350.24080463713835
-260.46888586045,-260.46888586045
-284.3306814463161,-284.3306814463161
-355.3024478543945,-355.3024478543945
-359.3947470952319,-359.3947470952319
-329.18091847602966,-329.18091847602966
-287.7307426262045,-287.7307426262045
-362.72628221370337,-362.72628221370337
-373.7729639656251,-373.7729639656251
-381.0754004572663,-381.0754004572663
-356.23567108617385,-356.23567108617385
-339.06948889118013,-339.06948889118013
-326.27089211934396,-326.27089211934396
-374.13001647616824,-374.13001647616824
-332.2676698958733,-332.2676698958733
-349.73791753315004,-349.73791753315004
-382.92801058173825,-382.92801058173825
-355.43135835317344,-355.43135835317344
-375.75276945871826,-375.75276945871826
-378.94466147443165,-378.94466147443165
-351.81188565650075,-351.81188565650075
-365.5190279543296,-365.5190279543296
-340.1160123751697,-340.1160123751697
-329.3432267726565,-329.3432267726565
-381.1238598548004,-381.1238598548004
-347.93373287318354,-347.93373287318354
-355.39717144001116,-355.39717144001116
-411.6098379294316,-411.6098379294316
-340.7110287482616,-340.7110287482616
-377.53813062418095,-377.53813062418095
-375.85734794370654,-375.85734794370654
-367.46348035069894,-367.46348035069894
-340.6586797019818,-340.6586797019818
-329.4766810682476,-329.4766810682476
-380.1670685512893,-380.1670685512893
-278.4390760648038,-278.4390760648038
-327.1115919359153,-327.1115919359153
-309.9565245129932,-309.9565245129932
-362.44957948555094,-362.44957948555094
-343.8665130322689,-343.8665130322689
-356.4845812586912,-356.4845812586912
-334.98876000258565,-334.98876000258565
-346.1229598072405,-346.1229598072405
-351.07250749437816,-351.07250749437816
-319.924942480909,-319.924942480909
-396.81674165918446,-396.81674165918446
-343.3036492485245,-343.3036492485245
-328.15072922967306,-328.15072922967306
-368.16324657372274,-368.16324657372274
-381.5625181687043,-381.5625181687043
-347.1893916642484,-347.1893916642484
-334.7254467488755,-334.7254467488755
-342.67788657685605,-342.67788657685605
-341.60331588588696,-341.60331588588696
-356.22732018646633,-356.22732018646633
-375.9654523214591,-375.9654523214591
-341.8980745186784,-341.8980745186784
-339.7082316052114,-339.7082316052114
-330.1242255299917,-330.1242255299917
-354.8217380414996,-354.8217380414996
-390.2680766875266,-390.2680766875266
-332.0088179233514,-332.0088179233514
-400.5880401283145,-400.5880401283145
-360.8786959135357,-360.8786959135357
-356.7486214960851,-356.7486214960851
-394.2484590012238,-394.2484590012238
-402.17660578823876,-402.17660578823876
-370.38929941932906,-370.38929941932906
-365.1058823458246,-365.1058823458246
-409.4541009675078,-409.4541009675078
-375.2149033093797,-375.2149033093797
-362.6618337545289,-362.6618337545289
-337.061012901053,-337.061012901053
-333.6030497545295,-333.6030497545295
-341.6447428824234,-341.6447428824234
-316.7670282296898,-316.7670282296898
-320.1267861931086,-320.1267861931086
-339.08143363529155,-339.08143363529155
-375.6745805532716,-375.6745805532716
-353.6145816683667,-353.6145816683667
-357.2308642125943,-357.2308642125943
-330.5248444124374,-330.5248444124374
-361.6185032416935,-361.6185032416935
-351.27474445819854,-351.27474445819854
-323.3363725142335,-323.3363725142335
-315.60546627724835,-315.60546627724835
-307.3347380739233,-307.3347380739233
-347.6997255960524,-347.6997255960524
-373.7397373918945,-373.7397373918945
-358.0831279149232,-358.0831279149232
-349.64638398442884,-349.64638398442884
-354.6826457104369,-354.6826457104369
-355.58738836965813,-355.58738836965813
-360.3996273872133,-360.3996273872133
-361.42923217914216,-361.42923217914216
-381.7431469208305,-381.7431469208305
-385.29423935806733,-385.29423935806733
-339.259414915176,-339.259414915176
-355.918679795238,-355.918679795238
-314.8779982406884,-314.8779982406884
-360.0311600223977,-360.0311600223977
-322.1360854341868,-322.1360854341868
-348.0770506738534,-348.0770506738534
-365.9194248638612,-365.9194248638612
-338.0111651130764,-338.0111651130764
-401.65128562945733,-401.65128562945733
-347.0056705165392,-347.0056705165392
-313.57100287453056,-313.57100287453056
-319.36063736516627,-319.36063736516627
-329.19972602672783,-329.19972602672783
-365.04257377214276,-365.04257377214276
-387.0565111698702,-387.0565111698702
-329.19241242231067,-329.19241242231067
-340.24626059999616,-340.24626059999616
-375.1238385533064,-375.1238385533064
-338.6410813220242,-338.6410813220242
-340.79469266749095,-340.79469266749095
-340.8158607167426,-340.8158607167426
-366.45069112076743,-366.45069112076743
-361.53240807656664,-361.53240807656664
-331.26216009559175,-331.26216009559175
-341.23109486002966,-341.23109486002966
-358.7426539461061,-358.7426539461061
-361.9016711928082,-361.9016711928082
-367.534686419694,-367.534686419694
-405.90442515993465,-405.90442515993465
-325.9231213241802,-325.9231213241802
-291.8559534841706,-291.8559534841706
-350.1006143159826,-350.1006143159826
-374.71750497752,-374.71750497752
-411.5106949591365,-411.5106949591365
-340.5764588400422,-340.5764588400422
-364.38681433920834,-364.38681433920834
-363.8649433823663,-363.8649433823663
-337.7869163172398,-337.7869163172398
-342.9852984147909,-342.9852984147909
-380.4118938798018,-380.4118938798018
-328.906406585209,-328.906406585209
-322.1146288801829,-322.1146288801829
-345.5044596452055,-345.5044596452055
-329.8887789807815,-329.8887789807815
-410.90387640854084,-410.90387640854084
-345.78797638866143,-345.78797638866143
-303.6366151778939,-303.6366151778939
-342.6714952561089,-342.6714952561089
-360.76495747346246,-360.76495747346246
-396.8328551402866,-396.8328551402866
-347.58377938284906,-347.58377938284906
-342.80367806751286,-342.80367806751286
-343.9445278440587,-343.9445278440587
-337.5055185183433,-337.5055185183433
-323.9134904059575,-323.9134904059575
-374.44708557030197,-374.44708557030197
-348.85509556942327,-348.85509556942327
-345.67157479715536,-345.67157479715536
-395.9205289269834,-395.9205289269834
-331.5738017226049,-331.5738017226049
-319.5072775466876,-319.5072775466876
-382.8675967314706,-382.8675967314706
-340.25681638828127,-340.25681638828127
-368.92351410870657,-368.92351410870657
-379.5724735588061,-379.5724735588061
-370.5088663980401,-370.5088663980401
-353.41827832742393,-353.41827832742393
-377.21749496324844,-377.21749496324844
-359.33093688421604,-359.33093688421604
-337.2769202206173,-337.2769202206173
-333.38187616845175,-333.38187616845175
-341.1122528246926,-341.1122528246926
-350.5623460401826,-350.5623460401826
-333.088962724674,-333.088962724674
-359.1342324298959,-359.1342324298959
-295.06414559700977,-295.06414559700977
-324.86772340302156,-324.86772340302156
-363.1908980540492,-363.1908980540492
-341.3344931153901,-341.3344931153901
-390.37119183165635,-390.37119183165635
-381.67781052243134,-381.67781052243134
-337.8625839434678,-337.8625839434678
-369.90569719810907,-369.90569719810907
-371.4174449364382,-371.4174449364382
-393.95946016016524,-393.95946016016524
-340.594958562218,-340.594958562218
-342.375088003729,-342.375088003729
-392.0869269457424,-392.0869269457424
-333.10717770755537,-333.10717770755537
-356.8609411411279,-356.8609411411279
-374.9898577169107,-374.9898577169107
-319.182897690767,-319.182897690767
-372.99312882636025,-372.99312882636025
-350.5110701378517,-350.5110701378517
-341.26185670106236,-341.26185670106236
-390.8024997828891,-390.8024997828891
-310.7290085454567,-310.7290085454567
-378.4274704738206,-378.4274704738206
-354.40353703099095,-354.40353703099095
-329.87867028424836,-329.87867028424836
-362.42367917019624,-362.42367917019624
-383.4410961429231,-383.4410961429231
-401.46475526011767,-401.46475526011767
-343.32762894290676,-343.32762894290676
-394.50749226380384,-394.50749226380384
-346.8151744365506,-346.8151744365506
-337.6164985919235,-337.6164985919235
-313.3044014768815,-313.3044014768815
-395.6733910613485,-395.6733910613485
-383.15637702517984,-383.15637702517984
-404.18564923960645,-404.18564923960645
-381.28406595092497,-381.28406595092497
-353.1000813929275,-353.1000813929275
-320.8120620734559,-320.8120620734559
-404.6644550999959,-404.6644550999959
-353.26037597241896,-353.26037597241896
-338.31173311967103,-338.31173311967103
-347.9484286548521,-347.9484286548521
-391.9638795384015,-391.9638795384015
-354.9332394140244,-354.9332394140244
-360.8051293670989,-360.8051293670989
-361.221409228902,-361.221409228902
-325.40331662667774,-325.40331662667774
-374.31891653246515,-374.31891653246515
-378.60800677583705,-378.60800677583705
-333.8059422570701,-333.8059422570701
-377.25318494333595,-377.25318494333595
-381.4498696432554,-381.4498696432554
-399.2304157278307,-399.2304157278307
-397.133154071748,-397.133154071748
-353.0440285576798,-353.0440285576798
-374.91837569923285,-374.91837569923285
-389.2944627584865,-389.2944627584865
-293.97185362157677,-293.97185362157677
-351.61870135977244,-351.61870135977244
-372.64875609425695,-372.64875609425695
-427.4338579416416,-427.4338579416416
-376.1466654225742,-376.1466654225742
-304.54975940937464,-304.54975940937464
-406.26434644111606,-406.26434644111606
-358.4730048064714,-358.4730048064714
-355.3352477715519,-355.3352477715519
-392.23673180168123,-392.23673180168123
-372.0609779076863,-372.0609779076863
-384.6230682327046,-384.6230682327046
-319.1546755019887,-319.1546755019887
-342.23584477090947,-342.23584477090947
-328.930704986282,-328.930704986282
-373.5716635320349,-373.5716635320349
-355.32896794171717,-355.32896794171717
-359.032219262739,-359.032219262739
-317.4233308409519,-317.4233308409519
-363.66959674617254,-363.66959674617254
-326.3178552363885,-326.3178552363885
-365.95335109506254,-365.95335109506254
-386.30879339023886,-386.30879339023886
-370.89670320885114,-370.89670320885114
-350.13235303493076,-350.13235303493076
-388.75843308979074,-388.75843308979074
-343.3095120992227,-343.3095120992227
-345.02032770361313,-345.02032770361313
-354.052938835784,-354.052938835784
-345.6428183720767,-345.6428183720767
-331.8146943723963,-331.8146943723963
-287.5880024053208,-287.5880024053208
-370.8576342575137,-370.8576342575137
-382.5566447276796,-382.5566447276796
-310.05007999756117,-310.05007999756117
-288.197954877122,-288.197954877122
-348.66827629875496,-348.66827629875496
-340.0735565583837,-340.0735565583837
-347.9779642624351,-347.9779642624351
-367.23190956100007,-367.23190956100007
-353.1971185134035,-353.1971185134035
-344.3778897071146,-344.3778897071146
-415.02079494473577,-415.02079494473577
-329.58976604876756,-329.58976604876756
-343.34515793641754,-343.34515793641754
-358.1245669885603,-358.1245669885603
-371.46325465182395,-371.46325465182395
-386.999407656294,-386.999407656294
-333.51916409192893,-333.51916409192893
-332.600823827127,-332.600823827127
-378.51596856013157,-378.51596856013157
-376.73691394467147,-376.73691394467147
-396.0536846748793,-396.0536846748793
-343.03007633560935,-343.03007633560935
-290.91280421138083,-290.91280421138083
-356.186615208173,-356.186615208173
-360.63381294777093,-360.63381294777093
-320.40641769187965,-320.40641769187965
-355.8362662734937,-355.8362662734937
-332.28160745417637,-332.28160745417637
-347.9809509816695,-347.9809509816695
-386.4529536253365,-386.4529536253365
-346.9542734493649,-346.9542734493649
-337.2889310387,-337.2889310387
-382.1548878250766,-382.1548878250766
-350.7186453282477,-350.7186453282477
-342.5735612960193,-342.5735612960193
-359.5333211798552,-359.5333211798552
-345.82308776271657,-345.82308776271657
-330.7854957651436,-330.7854957651436
-347.01867567295096,-347.01867567295096
-357.77381934630586,-357.77381934630586
-363.1147801215776,-363.1147801215776
-317.19741913451327,-317.19741913451327
-371.7789708344361,-371.7789708344361
-375.75031215286316,-375.75031215286316
-341.4775353577401,-341.4775353577401
-364.9388840209346,-364.9388840209346
-319.1418259208853,-319.1418259208853
-359.51764317054943,-359.51764317054943
-370.3684513243837,-370.3684513243837
-379.27860867356094,-379.27860867356094
-375.0252656500961,-375.0252656500961
-322.47578237306016,-322.47578237306016
-371.4380343768869,-371.4380343768869
-342.4665972191988,-342.4665972191988
-347.88605314413576,-347.88605314413576
-369.8284287340893,-369.8284287340893
-381.06446885447997,-381.06446885447997
-356.8918206960172,-356.8918206960172
-338.28211100513437,-338.28211100513437
-363.16599303552636,-363.16599303552636
-318.4585218277008,-318.4585218277008
-332.78254414248073,-332.78254414248073
-386.9298884599927,-386.9298884599927
-362.42386317473097,-362.42386317473097
-352.39811646456354,-352.39811646456354
-364.6955677606944,-364.6955677606944
-378.5130740013461,-378.5130740013461
-383.5245007369251,-383.5245007369251
-382.57508032461243,-382.57508032461243
-386.09403927231403,-386.09403927231403
-331.30088542769175,-331.30088542769175
-377.36993345406455,-377.36993345406455
-331.1418938720615,-331.1418938720615
-387.84451346465204,-387.84451346465204
-357.3617105469435,-357.3617105469435
-392.10577893351467,-392.10577893351467
-381.2885473300363,-381.2885473300363
-338.7867820664407,-338.7867820664407
-354.947699300938,-354.947699300938
-347.10201342276906,-347.10201342276906
-346.6538793502063,-346.6538793502063
-344.4905534937146,-344.4905534937146
-371.09111515509466,-371.09111515509466
-342.0491267404727,-342.0491267404727
-379.92435165417123,-379.92435165417123
-356.03695635425976,-356.03695635425976
-373.56455424133406,-373.56455424133406
-362.61885230365493,-362.61885230365493
-324.12400719457435,-324.12400719457435
-358.1234041079088,-358.1234041079088
-348.2457747561868,-348.2457747561868
-371.054240133801,-371.054240133801
-325.05804196623313,-325.05804196623313
-359.05722064759516,-359.05722064759516
-355.58114776697005,-355.58114776697005
-386.85676243326117,-386.85676243326117
-316.08346626877216,-316.08346626877216
-353.9520257159058,-353.9520257159058
-376.8649647709235,-376.8649647709235
-334.6540165616416,-334.6540165616416
-344.2562644894796,-344.2562644894796
-353.14506137330415,-353.14506137330415
-345.7352018108496,-345.7352018108496
-379.75210858128565,-379.75210858128565
-308.88787135055725,-308.88787135055725
-351.4903271697908,-351.4903271697908
-388.34767890580036,-388.34767890580036
-359.00181988831883,-359.00181988831883
-361.9691567930821,-361.9691567930821
-354.16697167955897,-354.16697167955897
-348.0247029737971,-348.0247029737971
-330.2489350361924,-330.2489350361924
-286.56979502889413,-286.56979502889413
-346.6396184518556,-346.6396184518556
-383.6024592827359,-383.6024592827359
-368.1120724735007,-368.1120724735007
-368.47307733870196,-368.47307733870196
-391.66188422519485,-391.66188422519485
-359.04359432309775,-359.04359432309775
-319.05075945841685,-319.05075945841685
-348.2272371213596,-348.2272371213596
-352.1069425939445,-352.1069425939445
-355.56066520085193,-355.56066520085193
-349.62943180463736,-349.62943180463736
-304.684917307617,-304.684917307617
-319.5215408709991,-319.5215408709991
-302.8176907807707,-302.8176907807707
-364.28038683411467,-364.28038683411467
-319.62807926463074,-319.62807926463074
-410.4356783134004,-410.4356783134004
-374.50927440238854,-374.50927440238854
-322.97454090561155,-322.97454090561155
-394.13927814035316,-394.13927814035316
-340.84116723216596,-340.84116723216596
-370.2569206196342,-370.2569206196342
-339.80680629595184,-339.80680629595184
-355.5225181206708,-355.5225181206708
-367.51252153337566,-367.51252153337566
-344.15756498716627,-344.15756498716627
-369.60458133958423,-369.60458133958423
-329.64311703869964,-329.64311703869964
-347.9179347268571,-347.9179347268571
-346.8548141017774,-346.8548141017774
-364.777181149347,-364.777181149347
-290.0430155462834,-290.0430155462834
-390.0654383025373,-390.0654383025373
-317.66765424584764,-317.66765424584764
-360.31824118230105,-360.31824118230105
-335.9698982055873,-335.9698982055873
-352.4033907662778,-352.4033907662778
-321.8237007378017,-321.8237007378017
-346.3212847753899,-346.3212847753899
-318.4733352947401,-318.4733352947401
-370.14115782227117,-370.14115782227117
-326.8985445513409,-326.8985445513409
-317.4617819896919,-317.4617819896919
-331.5130922941315,-331.5130922941315
-319.02043609886664,-319.02043609886664
-305.0481261451692,-305.0481261451692
-377.8669180639946,-377.8669180639946
-311.46002103079695,-311.46002103079695
-356.9985910486012,-356.9985910486012
-355.5639346310663,-355.5639346310663
-339.173558360238,-339.173558360238
-405.48730300487017,-405.48730300487017
-317.19359104480066,-317.19359104480066
-373.79198774846355,-373.79198774846355
-378.88684831154995,-378.88684831154995
-312.6560276756132,-312.6560276756132
-368.6272266218414,-368.6272266218414
-338.01558998654576,-338.01558998654576
-335.903961552408,-335.903961552408
-386.94524203481893,-386.94524203481893
-343.6570245806173,-343.6570245806173
-333.43251694274306,-333.43251694274306
-389.17834074961144,-389.17834074961144
-314.7563639025266,-314.7563639025266
-359.17376441788196,-359.17376441788196
-363.9451569219426,-363.9451569219426
-406.2307753250301,-406.2307753250301
-352.1893764629087,-352.1893764629087
-340.65103868317806,-340.65103868317806
-355.24113930681057,-355.24113930681057
-387.965572142162,-387.965572142162
-362.86049879407756,-362.86049879407756
-409.0898352058609,-409.0898352058609
-365.8009525385063,-365.8009525385063
-383.4958609049183,-383.4958609049183
-309.84087030408165,-309.84087030408165
-370.7269966315138,-370.7269966315138
-373.99895694618345,-373.99895694618345
-411.05807936232446,-411.05807936232446
-387.8467238667243,-387.8467238667243
-315.2210642535495,-315.2210642535495
-334.56327212996274,-334.56327212996274
-341.5274857336502,-341.5274857336502
-326.2981900753382,-326.2981900753382
-370.9188854816012,-370.9188854816012
-321.153041823966,-321.153041823966
-365.1148908237351,-365.1148908237351
-335.80921825399685,-335.80921825399685
-360.73429998851816,-360.73429998851816
-395.222278678075,-395.222278678075
-396.9989591165172,-396.9989591165172
-392.5360285928278,-392.5360285928278
-356.6238123031142,-356.6238123031142
-310.3846402591484,-310.3846402591484
-394.82675434402086,-394.82675434402086
-337.8650544093377,-337.8650544093377
-338.51232471491335,-338.51232471491335
-315.34963581280624,-315.34963581280624
-337.8257595683898,-337.8257595683898
-302.1835474240858,-302.1835474240858
-336.22932293620045,-336.22932293620045
-388.951955444366,-388.951955444366
-347.0969317013692,-347.0969317013692
-342.29614472373237,-342.29614472373237
-366.4804798314722,-366.4804798314722
-371.50919262016805,-371.50919262016805
-387.35245572708146,-387.35245572708146
-313.74156674660196,-313.74156674660196
-400.81104969381965,-400.81104969381965
-360.34170470707596,-360.34170470707596
-348.9080320511656,-348.9080320511656
-347.5699136025389,-347.5699136025389
-325.1785123674034,-325.1785123674034
-335.9892410433731,-335.9892410433731
-329.49159584829357,-329.49159584829357
-363.12332898273513,-363.12332898273513
-322.35668957250397,-322.35668957250397
-399.3786827326963,-399.3786827326963
-294.172877000195,-294.172877000195
-327.05496348202803,-327.05496348202803
-382.48431120785614,-382.48431120785614
-394.8340081631893,-394.8340081631893
-330.00855564787764,-330.00855564787764
-354.35603330408003,-354.35603330408003
-353.59225346490234,-353.59225346490234
-331.2399471069124,-331.2399471069124
-384.9434248927577,-384.9434248927577
-343.0724036166208,-343.0724036166208
-335.4980196284478,-335.4980196284478
-352.1377421935776,-352.1377421935776
-379.84345981736374,-379.84345981736374
-370.3963625885793,-370.3963625885793
-384.8212846415444,-384.8212846415444
-355.6028599746535,-355.6028599746535
-383.28640250312225,-383.28640250312225
-314.23869438177786,-314.23869438177786
-364.6215932337212,-364.6215932337212
-342.0224305812232,-342.0224305812232
-365.2183165361443,-365.2183165361443
-363.7971260264903,-363.7971260264903
-345.90442538469756,-345.90442538469756
-377.26825147848774,-377.26825147848774
-320.532918380466,-320.532918380466
-352.7806519697166,-352.7806519697166
-359.5639352287049,-359.5639352287049
-300.2305742451926,-300.2305742451926
-392.43644125571194,-392.43644125571194
-348.7669207274271,-348.7669207274271
-355.32480419398627,-355.32480419398627
-361.71248811608325,-361.71248811608325
-365.39124885316517,-365.39124885316517
-337.30362571949047,-337.30362571949047
-380.7088218813425,-380.7088218813425
-324.3816560300936,-324.3816560300936
-366.8490916507979,-366.8490916507979
-338.27441690727755,-338.27441690727755
-392.9083017861221,-392.9083017861221
-385.05310207546853,-385.05310207546853
-389.31288911648613,-389.31288911648613
-379.5268729826554,-379.5268729826554
-346.0148378361547,-346.0148378361547
-324.34186161322,-324.34186161322
-325.1226120322486,-325.1226120322486
-358.9207903646298,-358.9207903646298
-363.51819389366807,-363.51819389366807
-282.24935098284186,-282.24935098284186
-356.63343736460587,-356.63343736460587
-354.8307296450483,-354.8307296450483
-369.8964593358956,-369.8964593358956
-346.7512040266622,-346.7512040266622
-331.53695792358576,-331.53695792358576
-338.6075036721234,-338.6075036721234
-319.3112092122225,-319.3112092122225
-383.0638644970048,-383.0638644970048
-392.32104492625893,-392.32104492625893
-331.14446554019815,-331.14446554019815
-323.5674125862756,-323.5674125862756
-324.1860807157549,-324.1860807157549
-370.5238759575552,-370.5238759575552
-344.97689578664944,-344.97689578664944
-348.1374097039055,-348.1374097039055
-384.62182773960626,-384.62182773960626
-370.744425586555,-370.744425586555
-355.17172030870915,-355.17172030870915
-350.1340348366065,-350.1340348366065
-353.81980932605853,-353.81980932605853
-329.85318952764044,-329.85318952764044
-364.30629254195827,-364.30629254195827
-367.29972524060014,-367.29972524060014
-333.90585522398266,-333.90585522398266
-333.49026281089016,-333.49026281089016
-332.8003361455189,-332.8003361455189
-362.3740519964151,-362.3740519964151
-360.3305086924105,-360.3305086924105
-360.031142000295,-360.031142000295
-353.753217490386,-353.753217490386
-383.2553809910913,-383.2553809910913
-350.9574487676324,-350.9574487676324
-358.6796541979954,-358.6796541979954
-358.4074993602034,-358.4074993602034
-315.44469542425134,-315.44469542425134
-334.87471378015215,-334.87471378015215
-377.0324026605427,-377.0324026605427
-316.07368927851934,-316.07368927851934
-332.477514944294,-332.477514944294
-360.80053900073796,-360.80053900073796
-341.65433277948273,-341.65433277948273
-340.2389977301577,-340.2389977301577
-330.1603140974136,-330.1603140974136
-391.81017396344714,-391.81017396344714
-341.19715265588667,-341.19715265588667
-281.8092809387983,-281.8092809387983
-372.1166952454493,-372.1166952454493
-372.24784920528606,-372.24784920528606
-335.01727391494416,-335.01727391494416
-364.9088546832218,-364.9088546832218
-346.26397645860783,-346.26397645860783
-400.3236672906041,-400.3236672906041
-352.5682657786331,-352.5682657786331
-333.7258397345478,-333.7258397345478
-361.1955749771234,-361.1955749771234
-384.3589339631174,-384.3589339631174
-344.69279083935635,-344.69279083935635
-332.7962447664833,-332.7962447664833
-324.4521202864702,-324.4521202864702
-347.9948921165198,-347.9948921165198
-371.45217005374946,-371.45217005374946
-369.86828021895553,-369.86828021895553
-352.5209516576294,-352.5209516576294
-342.484554628967,-342.484554628967
-356.28192379631224,-356.28192379631224
-325.30283049978584,-325.30283049978584
-377.1715184144755,-377.1715184144755
-301.6343304681679,-301.6343304681679
-371.74768739344574,-371.74768739344574
-342.56846408116024,-342.56846408116024
-378.5051004564986,-378.5051004564986
-376.2937483557084,-376.2937483557084
-376.50480712383535,-376.50480712383535
-307.9469143997674,-307.9469143997674
-426.19993129573714,-426.19993129573714
-307.44026520186463,-307.44026520186463
-359.63258067127805,-359.63258067127805
-352.1772178300968,-352.1772178300968
-338.39310249559094,-338.39310249559094
-337.381587887952,-337.381587887952
-333.16291907029284,-333.16291907029284
-346.02085539909626,-346.02085539909626
-363.22300186339515,-363.22300186339515
-338.39980365522143,-338.39980365522143
-345.5548711172086,-345.5548711172086
-413.6679556366344,-413.6679556366344
-336.67665431559413,-336.67665431559413
-338.24816783312116,-338.24816783312116
-348.94541059046867,-348.94541059046867
-377.8548948754872,-377.8548948754872
-364.9332639080355,-364.9332639080355
-312.3102609439488,-312.3102609439488
-347.08555022219383,-347.08555022219383
-368.3189970695106,-368.3189970695106
-379.80439317065907,-379.80439317065907
-373.63276831006596,-373.63276831006596
-412.17057969316016,-412.17057969316016
-333.084453351321,-333.084453351321
-327.15024642517415,-327.15024642517415
-409.6210295213326,-409.6210295213326
-322.31387039252047,-322.31387039252047
-367.84645135011294,-367.84645135011294
-358.754520714772,-358.754520714772
-374.0679279072055,-374.0679279072055
-362.82996584151215,-362.82996584151215
-352.636901173628,-352.636901173628
-360.2911114238153,-360.2911114238153
-403.3961165586045,-403.3961165586045
-350.81908911167744,-350.81908911167744
-384.2647846896533,-384.2647846896533
-333.33657832134355,-333.33657832134355
-357.1016665733163,-357.1016665733163
-343.08587024056703,-343.08587024056703
-330.50750392854656,-330.50750392854656
-345.51237187658046,-345.51237187658046
-336.8365222141634,-336.8365222141634
-351.1685063964485,-351.1685063964485
-320.0660431191173,-320.0660431191173
-354.49024325683837,-354.49024325683837
-330.7796517641322,-330.7796517641322
-367.0962239123522,-367.0962239123522
-388.068395221004,-388.068395221004
-340.2527907347991,-340.2527907347991
-349.1821954473285,-349.1821954473285
-351.6675827064503,-351.6675827064503
-342.8049201518892,-342.8049201518892
-352.36415382326027,-352.36415382326027
-337.9314157515378,-337.9314157515378
-362.0906701930884,-362.0906701930884
-344.6214664033813,-344.6214664033813
-325.2474553890709,-325.2474553890709
-363.9555094893641,-363.9555094893641
-277.8890489583493,-277.8890489583493
-360.3572813662284,-360.3572813662284
-340.2592322500224,-340.2592322500224
-352.49055759085445,-352.49055759085445
-317.2517886679252,-317.2517886679252
-344.8972139120636,-344.8972139120636
-383.85824921189715,-383.85824921189715
-329.97795488230406,-329.97795488230406
-376.46789757494224,-376.46789757494224
-316.220775279134,-316.220775279134
-323.27726690783487,-323.27726690783487
-375.30188325226294,-375.30188325226294
-364.9328271883086,-364.9328271883086
-299.2252662343083,-299.2252662343083
-350.29896102939546,-350.29896102939546
-334.1809327460737,-334.1809327460737
-349.5310353081473,-349.5310353081473
-326.74504978193073,-326.74504978193073
-355.06027350095684,-355.06027350095684
-345.829777141742,-345.829777141742
-432.95175179188226,-432.95175179188226
-354.2664825161717,-354.2664825161717
-342.2365476397285,-342.2365476397285
-376.4715357158025,-376.4715357158025
-293.7316055490404,-293.7316055490404
-347.347770131536,-347.347770131536
-340.67501031546016,-340.67501031546016
-381.506169172167,-381.506169172167
-364.5966697320028,-364.5966697320028
-355.2611542861387,-355.2611542861387
-335.9535118993241,-335.9535118993241
-329.0908955114676,-329.0908955114676
-344.17013342935235,-344.17013342935235
-390.5112472491038,-390.5112472491038
-362.8813991161794,-362.8813991161794
-361.72360380023497,-361.72360380023497
-351.33591115961053,-351.33591115961053
-415.60432566364415,-415.60432566364415
-360.5273647601544,-360.5273647601544
-364.39255764635334,-364.39255764635334
-401.72593523049636,-401.72593523049636
-387.64741749427026,-387.64741749427026
-327.49891344234214,-327.49891344234214
-377.1299060992102,-377.1299060992102
-333.1647782131016,-333.1647782131016
-346.15258409183406,-346.15258409183406
-339.1651504768542,-339.1651504768542
-345.27431978684126,-345.27431978684126
-326.9012391094923,-326.9012391094923
-320.67569198494675,-320.67569198494675
-360.9594469868037,-360.9594469868037
-329.4157822360232,-329.4157822360232
-356.15975358040913,-356.15975358040913
-375.38937627551866,-375.38937627551866
-338.0340147072774,-338.0340147072774
-393.79987921575207,-393.79987921575207
-375.7987113960561,-375.7987113960561
-321.41138910942607,-321.41138910942607
-328.85557503975616,-328.85557503975616
-358.02988032238716,-358.02988032238716
-337.01626105865466,-337.01626105865466
-369.38778487466465,-369.38778487466465
-353.97681960081286,-353.97681960081286
-332.16260632362355,-332.16260632362355
-360.4735091935056,-360.4735091935056
-333.6762743548021,-333.6762743548021
-359.1778836922578,-359.1778836922578
-330.8487886622104,-330.8487886622104
-390.89756385189787,-390.89756385189787
-343.02248847197416,-343.02248847197416
-362.0525003204543,-362.0525003204543
-362.93429030465353,-362.93429030465353
-338.9908373132036,-338.9908373132036
-360.7021689330001,-360.7021689330001
-377.5054053535587,-377.5054053535587
-365.28031725595014,-365.28031725595014
-342.5857887388113,-342.5857887388113
-354.6187263142636,-354.6187263142636
-367.1255587947103,-367.1255587947103
-379.88759424307585,-379.88759424307585
-344.697220715995,-344.697220715995
-373.1507833435235,-373.1507833435235
-351.3673348740078,-351.3673348740078
-359.76430021198234,-359.76430021198234
-380.34550004405065,-380.34550004405065
-403.1536736296561,-403.1536736296561
-365.40042046096977,-365.40042046096977
-348.1764836752108,-348.1764836752108
-333.3211540132794,-333.3211540132794
-349.485482906135,-349.485482906135
-290.57470797978016,-290.57470797978016
-347.143353901561,-347.143353901561
-361.1560409401642,-361.1560409401642
-336.1312327221876,-336.1312327221876
-412.01035084672213,-412.01035084672213
-329.0508130725445,-329.0508130725445
-331.4881583593974,-331.4881583593974
-355.9555354407123,-355.9555354407123
-320.5551753317247,-320.5551753317247
-342.4336335676115,-342.4336335676115
-319.28823820689394,-319.28823820689394
-340.0174943457068,-340.0174943457068
-348.97646031581195,-348.97646031581195
-324.2037930989315,-324.2037930989315
-361.473264912395,-361.473264912395
-333.84006026206356,-333.84006026206356
-341.92911523820896,-341.92911523820896
-365.16200038787883,-365.16200038787883
-358.80263202616004,-358.80263202616004
-377.33374999521556,-377.33374999521556
-377.12041633069214,-377.12041633069214
-406.4505244514006,-406.4505244514006
-321.46358455775413,-321.46358455775413
-371.20790648919547,-371.20790648919547
-348.896050588781,-348.896050588781
-396.6389684430696,-396.6389684430696
-360.0176339856706,-360.0176339856706
-375.4808229257159,-375.4808229257159
-351.02092044761423,-351.02092044761423
-368.3856321174139,-368.3856321174139
-373.2340357720534,-373.2340357720534
-356.7654177525598,-356.7654177525598
-370.2077837681461,-370.2077837681461
-338.46943377438777,-338.46943377438777
-310.9320595636502,-310.9320595636502
-352.6392593873078,-352.6392593873078
-364.4215364539329,-364.4215364539329
-343.79067928964594,-343.79067928964594
-333.8048562535661,-333.8048562535661
-323.43901849235965,-323.43901849235965
-322.5096063519635,-322.5096063519635
-344.3587774857915,-344.3587774857915
-318.510199030017,-318.510199030017
-334.1028432591377,-334.1028432591377
-352.8723121411724,-352.8723121411724
-314.05210241884714,-314.05210241884714
-339.4234407853449,-339.4234407853449
-352.3772175281228,-352.3772175281228
-383.71946582060275,-383.71946582060275
-372.30930438195276,-372.30930438195276
-363.75411051388625,-363.75411051388625
-372.1960154200681,-372.1960154200681
-350.1544211273988,-350.1544211273988
-367.5056216141695,-367.5056216141695
-328.52373997607566,-328.52373997607566
-353.786138836761,-353.786138836761
-352.3276796819575,-352.3276796819575
-398.14924282550965,-398.14924282550965
-344.01904331287886,-344.01904331287886
-299.26332657461006,-299.26332657461006
-375.36000514250804,-375.36000514250804
-370.31575017969953,-370.31575017969953
-329.11087618003165,-329.11087618003165
-372.6293845764741,-372.6293845764741
-344.55924586354956,-344.55924586354956
-316.65497869795365,-316.65497869795365
-337.4392095570176,-337.4392095570176
-313.3081157473243,-313.3081157473243
-325.3784473019387,-325.3784473019387
-349.90138892756016,-349.90138892756016
-393.58653581469787,-393.58653581469787
-352.544254438312,-352.544254438312
-326.3824164169559,-326.3824164169559
-332.17812744088707,-332.17812744088707
-350.1456335780982,-350.1456335780982
-356.08213636656836,-356.08213636656836
-331.46980537806166,-331.46980537806166
-358.56472699340236,-358.56472699340236
-347.16875226865164,-347.16875226865164
-422.5467495561282,-422.5467495561282
-362.8153111196976,-362.8153111196976
-409.45306624576233,-409.45306624576233
-304.12303758120447,-304.12303758120447
-332.2382268450459,-332.2382268450459
-376.2620476791345,-376.2620476791345
-355.4786384487922,-355.4786384487922
-327.3478104098299,-327.3478104098299
-359.78104260433525,-359.78104260433525
-369.2017889838943,-369.2017889838943
-395.6827058841018,-395.6827058841018
-374.34635715077974,-374.34635715077974
-320.1784591813363,-320.1784591813363
-319.9279856476736,-319.9279856476736
-397.80397681925695,-397.80397681925695
-326.18977893308767,-326.18977893308767
-375.18550584847986,-375.18550584847986
-310.6745518681024,-310.6745518681024
-342.73840251332297,-342.73840251332297
-327.76919672711625,-327.76919672711625
-317.7857086918327,-317.7857086918327
-357.3637125508874,-357.3637125508874
-330.2913099934194,-330.2913099934194
-383.8816764719755,-383.8816764719755
-324.5672131258364,-324.5672131258364
-373.8826379249457,-373.8826379249457
-326.1038559941293,-326.1038559941293
-329.1338810866249,-329.1338810866249
-325.97642606883306,-325.97642606883306
-360.5739806933056,-360.5739806933056
-329.646250715393,-329.646250715393
-349.07436249479224,-349.07436249479224
-370.57664908627703,-370.57664908627703
-320.9340893157663,-320.9340893157663
-367.7089458297524,-367.7089458297524
-346.9670957669346,-346.9670957669346
-361.04043950020343,-361.04043950020343
-369.10386677727,-369.10386677727
-350.40710390539397,-350.40710390539397
-357.68655028875196,-357.68655028875196
-284.67633435129454,-284.67633435129454
-342.7437062714217,-342.7437062714217
-356.8943670531011,-356.8943670531011
-360.93812321696004,-360.93812321696004
-311.56829728418336,-311.56829728418336
-333.73190245964605,-333.73190245964605
-356.24123379298146,-356.24123379298146
-381.3374806672016,-381.3374806672016
-348.35442266386576,-348.35442266386576
-380.1871046178661,-380.1871046178661
-360.8515688527622,-360.8515688527622
-339.06353900848154,-339.06353900848154
-343.1270867647227,-343.1270867647227
-334.0553142388623,-334.0553142388623
-387.20553757373597,-387.20553757373597
-355.15811485257694,-355.15811485257694
-391.87180264560226,-391.87180264560226
-359.80627257289194,-359.80627257289194
-332.73438568313935,-332.73438568313935
-345.2860684945482,-345.2860684945482
-290.7597630719005,-290.7597630719005
-380.7441145673734,-380.7441145673734
-458.07832597914336,-458.07832597914336
-337.2364454173896,-337.2364454173896
-324.450028331419,-324.450028331419
-338.5390202106219,-338.5390202106219
-342.62570328317855,-342.62570328317855
-329.1253220025069,-329.1253220025069
-418.06628717600034,-418.06628717600034
-374.7753717692909,-374.7753717692909
-336.02053483535065,-336.02053483535065
-317.961814884033,-317.961814884033
-327.3404132855268,-327.3404132855268
-359.6520847982542,-359.6520847982542
-370.73087238437006,-370.73087238437006
-344.6412429058584,-344.6412429058584
-295.0425768556059,-295.0425768556059
-342.61231985531236,-342.61231985531236
-361.37707468834304,-361.37707468834304
-317.98662692401336,-317.98662692401336
-360.80612144688473,-360.80612144688473
-309.40765459154807,-309.40765459154807
-364.2335605455727,-364.2335605455727
-385.10147293122844,-385.10147293122844
-336.82646036870705,-336.82646036870705
-341.35578036410766,-341.35578036410766
-354.07204756829304,-354.07204756829304
-347.96124041759816,-347.96124041759816
-354.2335169684941,-354.2335169684941
-412.2531228419368,-412.2531228419368
-351.39196384999383,-351.39196384999383
-364.90246595566805,-364.90246595566805
-335.2991568099265,-335.2991568099265
-299.29988730981944,-299.29988730981944
-371.96707432047526,-371.96707432047526
-408.04046680962597,-408.04046680962597
-378.66855203611686,-378.66855203611686
-373.72048007505964,-373.72048007505964
-338.59632267361076,-338.59632267361076
-326.3658390758035,-326.3658390758035
-365.1496576241071,-365.1496576241071
-344.35692581564916,-344.35692581564916
-362.78869979584357,-362.78869979584357
-329.11613705291745,-329.11613705291745
-335.418462896328,-335.418462896328
-358.37233983429184,-358.37233983429184
-379.14897128153586,-379.14897128153586
-350.33246313837327,-350.33246313837327
-325.5907550200475,-325.5907550200475
-312.79896079744844,-312.79896079744844
-350.61812847064914,-350.61812847064914
-320.0976470784854,-320.0976470784854
-342.1538900620826,-342.1538900620826
-392.5054663387956,-392.5054663387956
-335.42596805459266,-335.42596805459266
-356.4825469289805,-356.4825469289805
-386.9190202058171,-386.9190202058171
-373.85708737318566,-373.85708737318566
-385.84632462743417,-385.84632462743417
-369.71578488654274,-369.71578488654274
-300.87510076597516,-300.87510076597516
-336.90438314249656,-336.90438314249656
-345.91395323336,-345.91395323336
-389.3666334923031,-389.3666334923031
-351.74086121913405,-351.74086121913405
-427.3789407158662,-427.3789407158662
-342.2891955867297,-342.2891955867297
-320.45905929800693,-320.45905929800693
-360.699279845652,-360.699279845652
-328.0528293549901,-328.0528293549901
-355.55149613145556,-355.55149613145556
-355.64342359609594,-355.64342359609594
-391.7934708685178,-391.7934708685178
-337.30321803390666,-337.30321803390666
-364.3308560282901,-364.3308560282901
-360.1796937845961,-360.1796937845961
-359.42758191328346,-359.42758191328346
-343.59193035969594,-343.59193035969594
-335.1808687026375,-335.1808687026375
-431.87870692455914,-431.87870692455914
-357.65034206641616,-357.65034206641616
-335.3401080994288,-335.3401080994288
-350.6279710944492,-350.6279710944492
-369.1399997452892,-369.1399997452892
-385.4642454695195,-385.4642454695195
-368.46374713833205,-368.46374713833205
-315.8759521366417,-315.8759521366417
-331.9395158322009,-331.9395158322009
-336.66928828786973,-336.66928828786973
-375.70602119860433,-375.70602119860433
-342.3583637511185,-342.3583637511185
-380.5344579116369,-380.5344579116369
-338.73215864266706,-338.73215864266706
-383.5463416179432,-383.5463416179432
-354.58398489923314,-354.58398489923314
-308.04989020657985,-308.04989020657985
-363.9118598419543,-363.9118598419543
-364.9944670699599,-364.9944670699599
-359.49740618292884,-359.49740618292884
-330.32693609223224,-330.32693609223224
-351.1332861841496,-351.1332861841496
-325.85734112715704,-325.85734112715704
-304.9827872766577,-304.9827872766577
-383.84802581688325,-383.84802581688325
-340.2999277913516,-340.2999277913516
-345.93911199019624,-345.93911199019624
-373.9798084695781,-373.9798084695781
-357.99031895523126,-357.99031895523126
-316.9198872829742,-316.9198872829742
-336.4728183427833,-336.4728183427833
-354.76364527361415,-354.76364527361415
-337.6642334315849,-337.6642334315849
-335.3593879458655,-335.3593879458655
-348.81219794209414,-348.81219794209414
-316.99450104696007,-316.99450104696007
-318.0845591148881,-318.0845591148881
-346.36770862562906,-346.36770862562906
-348.07626487373204,-348.07626487373204
-407.0186002707255,-407.0186002707255
-351.34978016001463,-351.34978016001463
-326.6285553383745,-326.6285553383745
-339.9692839222993,-339.9692839222993
-329.17889173308737,-329.17889173308737
-382.09288785080616,-382.09288785080616
-343.4062791887445,-343.4062791887445
-408.93332898476166,-408.93332898476166
-395.0057997017864,-395.0057997017864
-388.8658448128217,-388.8658448128217
-359.66875464633904,-359.66875464633904
-374.5308532448843,-374.5308532448843
-357.1883764802485,-357.1883764802485
-335.38475140397253,-335.38475140397253
-326.7656935583419,-326.7656935583419
-344.01806703055496,-344.01806703055496
-361.8550443580898,-361.8550443580898
-362.72547037045325,-362.72547037045325
-377.63469569427326,-377.63469569427326
-356.91892198143586,-356.91892198143586
-352.4288174417584,-352.4288174417584
-369.0174357902813,-369.0174357902813
-317.8713043115926,-317.8713043115926
-340.74501438837126,-340.74501438837126
-348.2925754838204,-348.2925754838204
-334.59175106601145,-334.59175106601145
-386.6024778650117,-386.6024778650117
-345.7345935634961,-345.7345935634961
-265.94726218544326,-265.94726218544326
-391.21964045481167,-391.21964045481167
-311.98068812157453,-311.98068812157453
-360.81259864628174,-360.81259864628174
-323.57139552816983,-323.57139552816983
-351.4410908500468,-351.4410908500468
-447.42378633723354,-447.42378633723354
-373.9797527509441,-373.9797527509441
-343.099796162811,-343.099796162811
-449.9521037283597,-449.9521037283597
-370.8302499826193,-370.8302499826193
-344.2780205146035,-344.2780205146035
-343.2614750294985,-343.2614750294985
-386.1233054008601,-386.1233054008601
-355.4810954544071,-355.4810954544071
-367.4507921293126,-367.4507921293126
-328.3067659748697,-328.3067659748697
-315.3587018116344,-315.3587018116344
-359.6607248406873,-359.6607248406873
-326.7913054439934,-326.7913054439934
-340.4751951263306,-340.4751951263306
-367.406582261363,-367.406582261363
-355.35788848539147,-355.35788848539147
-355.7451449021023,-355.7451449021023
-377.2625253296655,-377.2625253296655
-370.4905212952778,-370.4905212952778
-341.2693369020071,-341.2693369020071
-351.53481102386246,-351.53481102386246
-359.6123889406537,-359.6123889406537
-380.3184441575857,-380.3184441575857
-357.9794210893886,-357.9794210893886
-397.9621596423299,-397.9621596423299
-344.9956911880848,-344.9956911880848
-355.70886473442033,-355.70886473442033
-403.88473394197086,-403.88473394197086
-373.01189900036115,-373.01189900036115
-335.0404946382588,-335.0404946382588
-347.22657075713437,-347.22657075713437
-359.5574283393216,-359.5574283393216
-339.73887218850297,-339.73887218850297
-345.70209445707906,-345.70209445707906
-351.77521002286176,-351.77521002286176
-348.46991180621234,-348.46991180621234
-343.46395892585434,-343.46395892585434
-389.82394697273674,-389.82394697273674
-369.73307527195817,-369.73307527195817
-336.46965402798287,-336.46965402798287
-355.1424138133394,-355.1424138133394
-365.90964068760536,-365.90964068760536
-376.0578556451246,-376.0578556451246
-278.9647183888491,-278.9647183888491
-315.49841058734023,-315.49841058734023
-332.531852755345,-332.531852755345
-393.14978279255166,-393.14978279255166
-390.83598769702843,-390.83598769702843
-348.676854129879,-348.676854129879
-360.7804624856888,-360.7804624856888
-295.31938391263543,-295.31938391263543
-375.56944138754665,-375.56944138754665
-339.99087773126433,-339.99087773126433
-362.6256554397438,-362.6256554397438
-407.49192832548874,-407.49192832548874
-390.76813336129686,-390.76813336129686
-305.67369423226086,-305.67369423226086
-378.6933120114268,-378.6933120114268
-350.25994635651506,-350.25994635651506
-337.4784315420205,-337.4784315420205
-331.00778401285606,-331.00778401285606
-330.3325716533072,-330.3325716533072
-356.2139914055611,-356.2139914055611
-360.48271439712295,-360.48271439712295
-376.26755303971447,-376.26755303971447
-331.9441293622498,-331.9441293622498
-322.6271992591222,-322.6271992591222
-350.46199706052255,-350.46199706052255
-379.33239359813604,-379.33239359813604
-344.00537611654687,-344.00537611654687
-363.9293605606035,-363.9293605606035
-359.4902040265634,-359.4902040265634
-360.89103793043665,-360.89103793043665
-338.82228018425,-338.82228018425
-396.84173964562194,-396.84173964562194
-396.81025070317503,-396.81025070317503
-365.70676321442,-365.70676321442
-333.971644183676,-333.971644183676
-351.73277134435705,-351.73277134435705
-410.7890739052414,-410.7890739052414
-333.96803852626203,-333.96803852626203
-355.68748953108985,-355.68748953108985
-377.49216786456935,-377.49216786456935
-373.5609384646804,-373.5609384646804
-359.30700820878684,-359.30700820878684
-372.11182281917445,-372.11182281917445
-346.69460583761435,-346.69460583761435
-309.57526503531375,-309.57526503531375
-349.469230416502,-349.469230416502
-345.0127847580885,-345.0127847580885
-361.9740028588178,-361.9740028588178
-304.9687975540197,-304.9687975540197
-288.2454997840938,-288.2454997840938
-390.07560572617535,-390.07560572617535
-346.16194424113485,-346.16194424113485
-342.65029125327726,-342.65029125327726
-353.7935465619961,-353.7935465619961
-329.65443516311996,-329.65443516311996
-351.99880997397236,-351.99880997397236
-347.53781280094097,-347.53781280094097
-384.84555494009595,-384.84555494009595
-433.770539926985,-433.770539926985
-363.5642025373016,-363.5642025373016
-371.9855384892569,-371.9855384892569
-338.5696507293807,-338.5696507293807
-325.4544231415807,-325.4544231415807
-357.3374320721369,-357.3374320721369
-362.862727063849,-362.862727063849
-320.5894192079974,-320.5894192079974
-355.62774088940745,-355.62774088940745
-417.24496199742833,-417.24496199742833
-373.9124849485054,-373.9124849485054
-335.83584752940385,-335.83584752940385
-357.23535795153373,-357.23535795153373
-351.1171781656555,-351.1171781656555
-294.1160838620832,-294.1160838620832
-359.3151153746903,-359.3151153746903
-340.61296653349,-340.61296653349
-374.7766666077368,-374.7766666077368
-383.6522847238325,-383.6522847238325
-368.95395670690596,-368.95395670690596
-396.21390574366524,-396.21390574366524
-306.07313589007697,-306.07313589007697
-373.33824778181065,-373.33824778181065
-343.89076154570716,-343.89076154570716
-401.8363014303314,-401.8363014303314
-377.5604861516345,-377.5604861516345
-339.96235366631015,-339.96235366631015
-363.57902172433336,-363.57902172433336
-363.2157375560977,-363.2157375560977
-350.25914919695697,-350.25914919695697
-318.9553042837075,-318.9553042837075
-386.15400958832095,-386.15400958832095
-385.7513888200871,-385.7513888200871
-399.29095747696084,-399.29095747696084
-390.2154112072625,-390.2154112072625
-305.5479177884625,-305.5479177884625
-368.51897343464077,-368.51897343464077
-365.57861088970714,-365.57861088970714
-386.84961103438525,-386.84961103438525
-387.4559268495033,-387.4559268495033
-341.0054077729336,-341.0054077729336
-399.36825019616276,-399.36825019616276
-386.08969025370095,-386.08969025370095
-360.8608574380937,-360.8608574380937
-369.8841392887797,-369.8841392887797
-329.10021095228973,-329.10021095228973
-356.5007859624603,-356.5007859624603
-332.76256069293703,-332.76256069293703
-333.62924018824185,-333.62924018824185
-345.6138880013738,-345.6138880013738
-389.27161997559347,-389.27161997559347
-348.4544530156865,-348.4544530156865
-372.4564164340371,-372.4564164340371
-358.3061673758241,-358.3061673758241
-354.00315715978263,-354.00315715978263
-324.82592401568206,-324.82592401568206
-396.11310777431265,-396.11310777431265
-315.09807195157833,-315.09807195157833
-365.16158587510097,-365.16158587510097
-341.58138256393613,-341.58138256393613
-376.40929056305094,-376.40929056305094
-351.8836470741758,-351.8836470741758
-406.4792586258811,-406.4792586258811
-414.61958259901724,-414.61958259901724
-319.592301582486,-319.592301582486
-360.3545522404727,-360.3545522404727
-371.2576650390036,-371.2576650390036
-354.4057255928412,-354.4057255928412
-329.40215753440305,-329.40215753440305
-305.28939370652853,-305.28939370652853
-357.85490485961117,-357.85490485961117
-318.50499387281974,-318.50499387281974
-335.05437763378353,-335.05437763378353
-355.227385617164,-355.227385617164
-343.79574795877625,-343.79574795877625
-383.4926379411642,-383.4926379411642
-421.86631738863923,-421.86631738863923
-358.759952783644,-358.759952783644
-384.1385758855427,-384.1385758855427
-343.6671976219126,-343.6671976219126
-367.1511272279182,-367.1511272279182
-317.36814702460083,-317.36814702460083
-374.07260725147853,-374.07260725147853
-378.99024597496754,-378.99024597496754
-362.719651538388,-362.719651538388
-331.99968942673894,-331.99968942673894
-334.49981944606964,-334.49981944606964
-375.85808500469614,-375.85808500469614
-400.42869950049857,-400.42869950049857
-386.0474206858673,-386.0474206858673
-358.3712410416251,-358.3712410416251
-389.8597314702001,-389.8597314702001
-358.58808520537093,-358.58808520537093
-379.2255858404973,-379.2255858404973
-375.1327278546713,-375.1327278546713
-376.1754439942843,-376.1754439942843
-305.9769274419044,-305.9769274419044
-362.07949819352893,-362.07949819352893
-390.02871766707324,-390.02871766707324
-361.3946646805818,-361.3946646805818
-398.91047796558416,-398.91047796558416
-346.1722119059801,-346.1722119059801
-339.9913480212414,-339.9913480212414
-343.6510355207104,-343.6510355207104
-360.14923325483915,-360.14923325483915
-342.07809423391785,-342.07809423391785
-342.25446410752505,-342.25446410752505
-333.1176706686515,-333.1176706686515
-324.7656714052991,-324.7656714052991
-316.45752814233157,-316.45752814233157
-350.80177278210266,-350.80177278210266
-361.8256520484499,-361.8256520484499
-365.38311807405114,-365.38311807405114
-338.1220152790271,-338.1220152790271
-350.0389529194163,-350.0389529194163
-374.39839592232056,-374.39839592232056
-380.3652250989714,-380.3652250989714
-350.5818178967763,-350.5818178967763
-350.9328378578262,-350.9328378578262
-368.86505437263315,-368.86505437263315
-305.7928519702083,-305.7928519702083
-326.32007410702244,-326.32007410702244
-373.41155527551473,-373.41155527551473
-329.6480400434862,-329.6480400434862
-365.0400269209439,-365.0400269209439
-342.3844575755826,-342.3844575755826
-368.16924319083427,-368.16924319083427
-359.9550643261807,-359.9550643261807
-356.50199564882513,-356.50199564882513
-350.7650156397293,-350.7650156397293
-286.09023173864233,-286.09023173864233
-331.5454435591216,-331.5454435591216
-396.2313490375344,-396.2313490375344
-361.38498859001385,-361.38498859001385
-359.718732231738,-359.718732231738
-365.96065066699924,-365.96065066699924
-348.0846009092958,-348.0846009092958
-320.0983234025609,-320.0983234025609
-385.9598621166301,-385.9598621166301
-343.3265296959245,-343.3265296959245
-337.1612829035624,-337.1612829035624
-355.1227726807336,-355.1227726807336
-394.8698952421132,-394.8698952421132
-337.05823972236277,-337.05823972236277
-391.8866802080914,-391.8866802080914
-348.7330811575953,-348.7330811575953
-374.7390376847753,-374.7390376847753
-389.5672916534842,-389.5672916534842
-365.7071110147267,-365.7071110147267
-382.0854522234917,-382.0854522234917
-347.01116886145434,-347.01116886145434
-355.2912334180952,-355.2912334180952
-341.23368117329267,-341.23368117329267
-363.3494487242136,-363.3494487242136
-360.9720626033068,-360.9720626033068
-319.7305075993859,-319.7305075993859
-335.27412129104886,-335.27412129104886
-366.9119404985695,-366.9119404985695
-336.5528721935693,-336.5528721935693
-370.7611870154254,-370.7611870154254
-374.9631600271618,-374.9631600271618
-369.8899037109191,-369.8899037109191
-352.2765850843391,-352.2765850843391
-352.614534048873,-352.614534048873
-396.70271591629574,-396.70271591629574
-341.45213729875746,-341.45213729875746
-397.1006568500343,-397.1006568500343
-343.79884393985856,-343.79884393985856
-314.90035190577083,-314.90035190577083
-344.70841460354796,-344.70841460354796
-304.7017080923439,-304.7017080923439
-367.3481482142161,-367.3481482142161
-348.05204816876363,-348.05204816876363
-342.79509455648554,-342.79509455648554
-386.236310144478,-386.236310144478
-364.97806369081167,-364.97806369081167
-319.4636614264246,-319.4636614264246
-345.7415433206926,-345.7415433206926
-353.8751225699829,-353.8751225699829
-380.1127281645283,-380.1127281645283
-382.28306291662756,-382.28306291662756
-334.00187520338136,-334.00187520338136
-366.02876673680964,-366.02876673680964
-327.1247649578711,-327.1247649578711
-355.27645039786364,-355.27645039786364
-402.2742556912273,-402.2742556912273
-397.5806522534347,-397.5806522534347
-351.9517377035146,-351.9517377035146
-378.45382422439394,-378.45382422439394
-334.4615457580753,-334.4615457580753
-341.4918658807001,-341.4918658807001
-360.03675898430413,-360.03675898430413
-356.9866053277711,-356.9866053277711
-364.6960746478542,-364.6960746478542
-358.625819488859,-358.625819488859
-328.0480859511352,-328.0480859511352
-377.14757367958225,-377.14757367958225
-360.5328559760061,-360.5328559760061
-394.4958253225404,-394.4958253225404
-335.26984247555936,-335.26984247555936
-387.0969123902991,-387.0969123902991
-342.5172716417383,-342.5172716417383
-343.2556720141003,-343.2556720141003
-361.444068793159,-361.444068793159
-377.1451158941797,-377.1451158941797
-364.1982224955921,-364.1982224955921
-347.30877608425385,-347.30877608425385
-329.64657123865817,-329.64657123865817
